paris,0,0
paris,0,32
paris,0,64
paris,0,96
paris,0,128
paris,0,160
paris,0,192
paris,0,224
paris,0,256
paris,0,288
paris,0,320
paris,0,352
paris,32,0
paris,32,32
paris,32,64
paris,32,96
paris,32,128
paris,32,160
paris,32,192
paris,32,224
paris,32,256
paris,32,288
paris,32,320
paris,32,352
paris,64,0
paris,64,32
paris,64,64
paris,64,96
paris,64,128
paris,64,160
paris,64,192
paris,64,224
paris,64,256
paris,64,288
paris,64,320
paris,64,352
paris,96,0
paris,96,32
paris,96,64
paris,96,96
paris,96,128
paris,96,160
paris,96,192
paris,96,224
paris,96,256
paris,96,288
paris,96,320
paris,96,352
paris,128,0
paris,128,32
paris,128,64
paris,128,96
paris,128,128
paris,128,160
paris,128,192
paris,128,224
paris,128,256
paris,128,288
paris,128,320
paris,128,352
paris,160,0
paris,160,32
paris,160,64
paris,160,96
paris,160,128
paris,160,160
paris,160,192
paris,160,224
paris,160,256
paris,160,288
paris,160,320
paris,160,352
paris,192,0
paris,192,32
paris,192,64
paris,192,96
paris,192,128
paris,192,160
paris,192,192
paris,192,224
paris,192,256
paris,192,288
paris,192,320
paris,192,352
paris,224,0
paris,224,32
paris,224,64
paris,224,96
paris,224,128
paris,224,160
paris,224,192
paris,224,224
paris,224,256
paris,224,288
paris,224,320
paris,224,352
paris,256,0
paris,256,32
paris,256,64
paris,256,96
paris,256,128
paris,256,160
paris,256,192
paris,256,224
paris,256,256
paris,256,288
paris,256,320
paris,256,352
paris,288,0
paris,288,32
paris,288,64
paris,288,96
paris,288,128
paris,288,160
paris,288,192
paris,288,224
paris,288,256
paris,288,288
paris,288,320
paris,288,352
paris,320,0
paris,320,32
paris,320,64
paris,320,96
paris,320,128
paris,320,160
paris,320,192
paris,320,224
paris,320,256
paris,320,288
paris,320,320
paris,320,352
paris,352,0
paris,352,32
paris,352,64
paris,352,96
paris,352,128
paris,352,160
paris,352,192
paris,352,224
paris,352,256
paris,352,288
paris,352,320
paris,352,352
mumbai,0,0
mumbai,0,32
mumbai,0,64
mumbai,0,96
mumbai,0,128
mumbai,0,160
mumbai,0,192
mumbai,0,224
mumbai,0,256
mumbai,0,288
mumbai,0,320
mumbai,0,352
mumbai,0,384
mumbai,0,416
mumbai,0,448
mumbai,0,480
mumbai,0,512
mumbai,32,0
mumbai,32,32
mumbai,32,64
mumbai,32,96
mumbai,32,128
mumbai,32,160
mumbai,32,192
mumbai,32,224
mumbai,32,256
mumbai,32,288
mumbai,32,320
mumbai,32,352
mumbai,32,384
mumbai,32,416
mumbai,32,448
mumbai,32,480
mumbai,32,512
mumbai,64,0
mumbai,64,32
mumbai,64,64
mumbai,64,96
mumbai,64,128
mumbai,64,160
mumbai,64,192
mumbai,64,224
mumbai,64,256
mumbai,64,288
mumbai,64,320
mumbai,64,352
mumbai,64,384
mumbai,64,416
mumbai,64,448
mumbai,64,480
mumbai,64,512
mumbai,96,0
mumbai,96,32
mumbai,96,64
mumbai,96,96
mumbai,96,128
mumbai,96,160
mumbai,96,192
mumbai,96,224
mumbai,96,256
mumbai,96,288
mumbai,96,320
mumbai,96,352
mumbai,96,384
mumbai,96,416
mumbai,96,448
mumbai,96,480
mumbai,96,512
mumbai,128,0
mumbai,128,32
mumbai,128,64
mumbai,128,96
mumbai,128,128
mumbai,128,160
mumbai,128,192
mumbai,128,224
mumbai,128,256
mumbai,128,288
mumbai,128,320
mumbai,128,352
mumbai,128,384
mumbai,128,416
mumbai,128,448
mumbai,128,480
mumbai,128,512
mumbai,160,0
mumbai,160,32
mumbai,160,64
mumbai,160,96
mumbai,160,128
mumbai,160,160
mumbai,160,192
mumbai,160,224
mumbai,160,256
mumbai,160,288
mumbai,160,320
mumbai,160,352
mumbai,160,384
mumbai,160,416
mumbai,160,448
mumbai,160,480
mumbai,160,512
mumbai,192,0
mumbai,192,32
mumbai,192,64
mumbai,192,96
mumbai,192,128
mumbai,192,160
mumbai,192,192
mumbai,192,224
mumbai,192,256
mumbai,192,288
mumbai,192,320
mumbai,192,352
mumbai,192,384
mumbai,192,416
mumbai,192,448
mumbai,192,480
mumbai,192,512
mumbai,224,0
mumbai,224,32
mumbai,224,64
mumbai,224,96
mumbai,224,128
mumbai,224,160
mumbai,224,192
mumbai,224,224
mumbai,224,256
mumbai,224,288
mumbai,224,320
mumbai,224,352
mumbai,224,384
mumbai,224,416
mumbai,224,448
mumbai,224,480
mumbai,224,512
mumbai,256,0
mumbai,256,32
mumbai,256,64
mumbai,256,96
mumbai,256,128
mumbai,256,160
mumbai,256,192
mumbai,256,224
mumbai,256,256
mumbai,256,288
mumbai,256,320
mumbai,256,352
mumbai,256,384
mumbai,256,416
mumbai,256,448
mumbai,256,480
mumbai,256,512
mumbai,288,0
mumbai,288,32
mumbai,288,64
mumbai,288,96
mumbai,288,128
mumbai,288,160
mumbai,288,192
mumbai,288,224
mumbai,288,256
mumbai,288,288
mumbai,288,320
mumbai,288,352
mumbai,288,384
mumbai,288,416
mumbai,288,448
mumbai,288,480
mumbai,288,512
mumbai,320,0
mumbai,320,32
mumbai,320,64
mumbai,320,96
mumbai,320,128
mumbai,320,160
mumbai,320,192
mumbai,320,224
mumbai,320,256
mumbai,320,288
mumbai,320,320
mumbai,320,352
mumbai,320,384
mumbai,320,416
mumbai,320,448
mumbai,320,480
mumbai,320,512
mumbai,352,0
mumbai,352,32
mumbai,352,64
mumbai,352,96
mumbai,352,128
mumbai,352,160
mumbai,352,192
mumbai,352,224
mumbai,352,256
mumbai,352,288
mumbai,352,320
mumbai,352,352
mumbai,352,384
mumbai,352,416
mumbai,352,448
mumbai,352,480
mumbai,352,512
mumbai,384,0
mumbai,384,32
mumbai,384,64
mumbai,384,96
mumbai,384,128
mumbai,384,160
mumbai,384,192
mumbai,384,224
mumbai,384,256
mumbai,384,288
mumbai,384,320
mumbai,384,352
mumbai,384,384
mumbai,384,416
mumbai,384,448
mumbai,384,480
mumbai,384,512
mumbai,416,0
mumbai,416,32
mumbai,416,64
mumbai,416,96
mumbai,416,128
mumbai,416,160
mumbai,416,192
mumbai,416,224
mumbai,416,256
mumbai,416,288
mumbai,416,320
mumbai,416,352
mumbai,416,384
mumbai,416,416
mumbai,416,448
mumbai,416,480
mumbai,416,512
mumbai,448,0
mumbai,448,32
mumbai,448,64
mumbai,448,96
mumbai,448,128
mumbai,448,160
mumbai,448,192
mumbai,448,224
mumbai,448,256
mumbai,448,288
mumbai,448,320
mumbai,448,352
mumbai,448,384
mumbai,448,416
mumbai,448,448
mumbai,448,480
mumbai,448,512
mumbai,480,0
mumbai,480,32
mumbai,480,64
mumbai,480,96
mumbai,480,128
mumbai,480,160
mumbai,480,192
mumbai,480,224
mumbai,480,256
mumbai,480,288
mumbai,480,320
mumbai,480,352
mumbai,480,384
mumbai,480,416
mumbai,480,448
mumbai,480,480
mumbai,480,512
mumbai,512,0
mumbai,512,32
mumbai,512,64
mumbai,512,96
mumbai,512,128
mumbai,512,160
mumbai,512,192
mumbai,512,224
mumbai,512,256
mumbai,512,288
mumbai,512,320
mumbai,512,352
mumbai,512,384
mumbai,512,416
mumbai,512,448
mumbai,512,480
mumbai,512,512
mumbai,544,0
mumbai,544,32
mumbai,544,64
mumbai,544,96
mumbai,544,128
mumbai,544,160
mumbai,544,192
mumbai,544,224
mumbai,544,256
mumbai,544,288
mumbai,544,320
mumbai,544,352
mumbai,544,384
mumbai,544,416
mumbai,544,448
mumbai,544,480
mumbai,544,512
mumbai,576,0
mumbai,576,32
mumbai,576,64
mumbai,576,96
mumbai,576,128
mumbai,576,160
mumbai,576,192
mumbai,576,224
mumbai,576,256
mumbai,576,288
mumbai,576,320
mumbai,576,352
mumbai,576,384
mumbai,576,416
mumbai,576,448
mumbai,576,480
mumbai,576,512
mumbai,608,0
mumbai,608,32
mumbai,608,64
mumbai,608,96
mumbai,608,128
mumbai,608,160
mumbai,608,192
mumbai,608,224
mumbai,608,256
mumbai,608,288
mumbai,608,320
mumbai,608,352
mumbai,608,384
mumbai,608,416
mumbai,608,448
mumbai,608,480
mumbai,608,512
mumbai,640,0
mumbai,640,32
mumbai,640,64
mumbai,640,96
mumbai,640,128
mumbai,640,160
mumbai,640,192
mumbai,640,224
mumbai,640,256
mumbai,640,288
mumbai,640,320
mumbai,640,352
mumbai,640,384
mumbai,640,416
mumbai,640,448
mumbai,640,480
mumbai,640,512
mumbai,672,0
mumbai,672,32
mumbai,672,64
mumbai,672,96
mumbai,672,128
mumbai,672,160
mumbai,672,192
mumbai,672,224
mumbai,672,256
mumbai,672,288
mumbai,672,320
mumbai,672,352
mumbai,672,384
mumbai,672,416
mumbai,672,448
mumbai,672,480
mumbai,672,512
mumbai,704,0
mumbai,704,32
mumbai,704,64
mumbai,704,96
mumbai,704,128
mumbai,704,160
mumbai,704,192
mumbai,704,224
mumbai,704,256
mumbai,704,288
mumbai,704,320
mumbai,704,352
mumbai,704,384
mumbai,704,416
mumbai,704,448
mumbai,704,480
mumbai,704,512
mumbai,736,0
mumbai,736,32
mumbai,736,64
mumbai,736,96
mumbai,736,128
mumbai,736,160
mumbai,736,192
mumbai,736,224
mumbai,736,256
mumbai,736,288
mumbai,736,320
mumbai,736,352
mumbai,736,384
mumbai,736,416
mumbai,736,448
mumbai,736,480
mumbai,736,512
mumbai,768,0
mumbai,768,32
mumbai,768,64
mumbai,768,96
mumbai,768,128
mumbai,768,160
mumbai,768,192
mumbai,768,224
mumbai,768,256
mumbai,768,288
mumbai,768,320
mumbai,768,352
mumbai,768,384
mumbai,768,416
mumbai,768,448
mumbai,768,480
mumbai,768,512
mumbai,800,0
mumbai,800,32
mumbai,800,64
mumbai,800,96
mumbai,800,128
mumbai,800,160
mumbai,800,192
mumbai,800,224
mumbai,800,256
mumbai,800,288
mumbai,800,320
mumbai,800,352
mumbai,800,384
mumbai,800,416
mumbai,800,448
mumbai,800,480
mumbai,800,512
aguasclaras,0,0
aguasclaras,0,32
aguasclaras,0,64
aguasclaras,0,96
aguasclaras,0,128
aguasclaras,0,160
aguasclaras,0,192
aguasclaras,0,224
aguasclaras,0,256
aguasclaras,0,288
aguasclaras,0,320
aguasclaras,0,352
aguasclaras,0,384
aguasclaras,0,416
aguasclaras,0,448
aguasclaras,0,480
aguasclaras,32,0
aguasclaras,32,32
aguasclaras,32,64
aguasclaras,32,96
aguasclaras,32,128
aguasclaras,32,160
aguasclaras,32,192
aguasclaras,32,224
aguasclaras,32,256
aguasclaras,32,288
aguasclaras,32,320
aguasclaras,32,352
aguasclaras,32,384
aguasclaras,32,416
aguasclaras,32,448
aguasclaras,32,480
aguasclaras,64,0
aguasclaras,64,32
aguasclaras,64,64
aguasclaras,64,96
aguasclaras,64,128
aguasclaras,64,160
aguasclaras,64,192
aguasclaras,64,224
aguasclaras,64,256
aguasclaras,64,288
aguasclaras,64,320
aguasclaras,64,352
aguasclaras,64,384
aguasclaras,64,416
aguasclaras,64,448
aguasclaras,64,480
aguasclaras,96,0
aguasclaras,96,32
aguasclaras,96,64
aguasclaras,96,96
aguasclaras,96,128
aguasclaras,96,160
aguasclaras,96,192
aguasclaras,96,224
aguasclaras,96,256
aguasclaras,96,288
aguasclaras,96,320
aguasclaras,96,352
aguasclaras,96,384
aguasclaras,96,416
aguasclaras,96,448
aguasclaras,96,480
aguasclaras,128,0
aguasclaras,128,32
aguasclaras,128,64
aguasclaras,128,96
aguasclaras,128,128
aguasclaras,128,160
aguasclaras,128,192
aguasclaras,128,224
aguasclaras,128,256
aguasclaras,128,288
aguasclaras,128,320
aguasclaras,128,352
aguasclaras,128,384
aguasclaras,128,416
aguasclaras,128,448
aguasclaras,128,480
aguasclaras,160,0
aguasclaras,160,32
aguasclaras,160,64
aguasclaras,160,96
aguasclaras,160,128
aguasclaras,160,160
aguasclaras,160,192
aguasclaras,160,224
aguasclaras,160,256
aguasclaras,160,288
aguasclaras,160,320
aguasclaras,160,352
aguasclaras,160,384
aguasclaras,160,416
aguasclaras,160,448
aguasclaras,160,480
aguasclaras,192,0
aguasclaras,192,32
aguasclaras,192,64
aguasclaras,192,96
aguasclaras,192,128
aguasclaras,192,160
aguasclaras,192,192
aguasclaras,192,224
aguasclaras,192,256
aguasclaras,192,288
aguasclaras,192,320
aguasclaras,192,352
aguasclaras,192,384
aguasclaras,192,416
aguasclaras,192,448
aguasclaras,192,480
aguasclaras,224,0
aguasclaras,224,32
aguasclaras,224,64
aguasclaras,224,96
aguasclaras,224,128
aguasclaras,224,160
aguasclaras,224,192
aguasclaras,224,224
aguasclaras,224,256
aguasclaras,224,288
aguasclaras,224,320
aguasclaras,224,352
aguasclaras,224,384
aguasclaras,224,416
aguasclaras,224,448
aguasclaras,224,480
aguasclaras,256,0
aguasclaras,256,32
aguasclaras,256,64
aguasclaras,256,96
aguasclaras,256,128
aguasclaras,256,160
aguasclaras,256,192
aguasclaras,256,224
aguasclaras,256,256
aguasclaras,256,288
aguasclaras,256,320
aguasclaras,256,352
aguasclaras,256,384
aguasclaras,256,416
aguasclaras,256,448
aguasclaras,256,480
aguasclaras,288,0
aguasclaras,288,32
aguasclaras,288,64
aguasclaras,288,96
aguasclaras,288,128
aguasclaras,288,160
aguasclaras,288,192
aguasclaras,288,224
aguasclaras,288,256
aguasclaras,288,288
aguasclaras,288,320
aguasclaras,288,352
aguasclaras,288,384
aguasclaras,288,416
aguasclaras,288,448
aguasclaras,288,480
aguasclaras,320,0
aguasclaras,320,32
aguasclaras,320,64
aguasclaras,320,96
aguasclaras,320,128
aguasclaras,320,160
aguasclaras,320,192
aguasclaras,320,224
aguasclaras,320,256
aguasclaras,320,288
aguasclaras,320,320
aguasclaras,320,352
aguasclaras,320,384
aguasclaras,320,416
aguasclaras,320,448
aguasclaras,320,480
aguasclaras,352,0
aguasclaras,352,32
aguasclaras,352,64
aguasclaras,352,96
aguasclaras,352,128
aguasclaras,352,160
aguasclaras,352,192
aguasclaras,352,224
aguasclaras,352,256
aguasclaras,352,288
aguasclaras,352,320
aguasclaras,352,352
aguasclaras,352,384
aguasclaras,352,416
aguasclaras,352,448
aguasclaras,352,480
aguasclaras,384,0
aguasclaras,384,32
aguasclaras,384,64
aguasclaras,384,96
aguasclaras,384,128
aguasclaras,384,160
aguasclaras,384,192
aguasclaras,384,224
aguasclaras,384,256
aguasclaras,384,288
aguasclaras,384,320
aguasclaras,384,352
aguasclaras,384,384
aguasclaras,384,416
aguasclaras,384,448
aguasclaras,384,480
aguasclaras,416,0
aguasclaras,416,32
aguasclaras,416,64
aguasclaras,416,96
aguasclaras,416,128
aguasclaras,416,160
aguasclaras,416,192
aguasclaras,416,224
aguasclaras,416,256
aguasclaras,416,288
aguasclaras,416,320
aguasclaras,416,352
aguasclaras,416,384
aguasclaras,416,416
aguasclaras,416,448
aguasclaras,416,480
abudhabi,0,0
abudhabi,0,32
abudhabi,0,64
abudhabi,0,96
abudhabi,0,128
abudhabi,0,160
abudhabi,0,192
abudhabi,0,224
abudhabi,0,256
abudhabi,0,288
abudhabi,0,320
abudhabi,0,352
abudhabi,0,384
abudhabi,0,416
abudhabi,0,448
abudhabi,0,480
abudhabi,0,512
abudhabi,0,544
abudhabi,0,576
abudhabi,0,608
abudhabi,0,640
abudhabi,0,672
abudhabi,0,704
abudhabi,0,736
abudhabi,32,0
abudhabi,32,32
abudhabi,32,64
abudhabi,32,96
abudhabi,32,128
abudhabi,32,160
abudhabi,32,192
abudhabi,32,224
abudhabi,32,256
abudhabi,32,288
abudhabi,32,320
abudhabi,32,352
abudhabi,32,384
abudhabi,32,416
abudhabi,32,448
abudhabi,32,480
abudhabi,32,512
abudhabi,32,544
abudhabi,32,576
abudhabi,32,608
abudhabi,32,640
abudhabi,32,672
abudhabi,32,704
abudhabi,32,736
abudhabi,64,0
abudhabi,64,32
abudhabi,64,64
abudhabi,64,96
abudhabi,64,128
abudhabi,64,160
abudhabi,64,192
abudhabi,64,224
abudhabi,64,256
abudhabi,64,288
abudhabi,64,320
abudhabi,64,352
abudhabi,64,384
abudhabi,64,416
abudhabi,64,448
abudhabi,64,480
abudhabi,64,512
abudhabi,64,544
abudhabi,64,576
abudhabi,64,608
abudhabi,64,640
abudhabi,64,672
abudhabi,64,704
abudhabi,64,736
abudhabi,96,0
abudhabi,96,32
abudhabi,96,64
abudhabi,96,96
abudhabi,96,128
abudhabi,96,160
abudhabi,96,192
abudhabi,96,224
abudhabi,96,256
abudhabi,96,288
abudhabi,96,320
abudhabi,96,352
abudhabi,96,384
abudhabi,96,416
abudhabi,96,448
abudhabi,96,480
abudhabi,96,512
abudhabi,96,544
abudhabi,96,576
abudhabi,96,608
abudhabi,96,640
abudhabi,96,672
abudhabi,96,704
abudhabi,96,736
abudhabi,128,0
abudhabi,128,32
abudhabi,128,64
abudhabi,128,96
abudhabi,128,128
abudhabi,128,160
abudhabi,128,192
abudhabi,128,224
abudhabi,128,256
abudhabi,128,288
abudhabi,128,320
abudhabi,128,352
abudhabi,128,384
abudhabi,128,416
abudhabi,128,448
abudhabi,128,480
abudhabi,128,512
abudhabi,128,544
abudhabi,128,576
abudhabi,128,608
abudhabi,128,640
abudhabi,128,672
abudhabi,128,704
abudhabi,128,736
abudhabi,160,0
abudhabi,160,32
abudhabi,160,64
abudhabi,160,96
abudhabi,160,128
abudhabi,160,160
abudhabi,160,192
abudhabi,160,224
abudhabi,160,256
abudhabi,160,288
abudhabi,160,320
abudhabi,160,352
abudhabi,160,384
abudhabi,160,416
abudhabi,160,448
abudhabi,160,480
abudhabi,160,512
abudhabi,160,544
abudhabi,160,576
abudhabi,160,608
abudhabi,160,640
abudhabi,160,672
abudhabi,160,704
abudhabi,160,736
abudhabi,192,0
abudhabi,192,32
abudhabi,192,64
abudhabi,192,96
abudhabi,192,128
abudhabi,192,160
abudhabi,192,192
abudhabi,192,224
abudhabi,192,256
abudhabi,192,288
abudhabi,192,320
abudhabi,192,352
abudhabi,192,384
abudhabi,192,416
abudhabi,192,448
abudhabi,192,480
abudhabi,192,512
abudhabi,192,544
abudhabi,192,576
abudhabi,192,608
abudhabi,192,640
abudhabi,192,672
abudhabi,192,704
abudhabi,192,736
abudhabi,224,0
abudhabi,224,32
abudhabi,224,64
abudhabi,224,96
abudhabi,224,128
abudhabi,224,160
abudhabi,224,192
abudhabi,224,224
abudhabi,224,256
abudhabi,224,288
abudhabi,224,320
abudhabi,224,352
abudhabi,224,384
abudhabi,224,416
abudhabi,224,448
abudhabi,224,480
abudhabi,224,512
abudhabi,224,544
abudhabi,224,576
abudhabi,224,608
abudhabi,224,640
abudhabi,224,672
abudhabi,224,704
abudhabi,224,736
abudhabi,256,0
abudhabi,256,32
abudhabi,256,64
abudhabi,256,96
abudhabi,256,128
abudhabi,256,160
abudhabi,256,192
abudhabi,256,224
abudhabi,256,256
abudhabi,256,288
abudhabi,256,320
abudhabi,256,352
abudhabi,256,384
abudhabi,256,416
abudhabi,256,448
abudhabi,256,480
abudhabi,256,512
abudhabi,256,544
abudhabi,256,576
abudhabi,256,608
abudhabi,256,640
abudhabi,256,672
abudhabi,256,704
abudhabi,256,736
abudhabi,288,0
abudhabi,288,32
abudhabi,288,64
abudhabi,288,96
abudhabi,288,128
abudhabi,288,160
abudhabi,288,192
abudhabi,288,224
abudhabi,288,256
abudhabi,288,288
abudhabi,288,320
abudhabi,288,352
abudhabi,288,384
abudhabi,288,416
abudhabi,288,448
abudhabi,288,480
abudhabi,288,512
abudhabi,288,544
abudhabi,288,576
abudhabi,288,608
abudhabi,288,640
abudhabi,288,672
abudhabi,288,704
abudhabi,288,736
abudhabi,320,0
abudhabi,320,32
abudhabi,320,64
abudhabi,320,96
abudhabi,320,128
abudhabi,320,160
abudhabi,320,192
abudhabi,320,224
abudhabi,320,256
abudhabi,320,288
abudhabi,320,320
abudhabi,320,352
abudhabi,320,384
abudhabi,320,416
abudhabi,320,448
abudhabi,320,480
abudhabi,320,512
abudhabi,320,544
abudhabi,320,576
abudhabi,320,608
abudhabi,320,640
abudhabi,320,672
abudhabi,320,704
abudhabi,320,736
abudhabi,352,0
abudhabi,352,32
abudhabi,352,64
abudhabi,352,96
abudhabi,352,128
abudhabi,352,160
abudhabi,352,192
abudhabi,352,224
abudhabi,352,256
abudhabi,352,288
abudhabi,352,320
abudhabi,352,352
abudhabi,352,384
abudhabi,352,416
abudhabi,352,448
abudhabi,352,480
abudhabi,352,512
abudhabi,352,544
abudhabi,352,576
abudhabi,352,608
abudhabi,352,640
abudhabi,352,672
abudhabi,352,704
abudhabi,352,736
abudhabi,384,0
abudhabi,384,32
abudhabi,384,64
abudhabi,384,96
abudhabi,384,128
abudhabi,384,160
abudhabi,384,192
abudhabi,384,224
abudhabi,384,256
abudhabi,384,288
abudhabi,384,320
abudhabi,384,352
abudhabi,384,384
abudhabi,384,416
abudhabi,384,448
abudhabi,384,480
abudhabi,384,512
abudhabi,384,544
abudhabi,384,576
abudhabi,384,608
abudhabi,384,640
abudhabi,384,672
abudhabi,384,704
abudhabi,384,736
abudhabi,416,0
abudhabi,416,32
abudhabi,416,64
abudhabi,416,96
abudhabi,416,128
abudhabi,416,160
abudhabi,416,192
abudhabi,416,224
abudhabi,416,256
abudhabi,416,288
abudhabi,416,320
abudhabi,416,352
abudhabi,416,384
abudhabi,416,416
abudhabi,416,448
abudhabi,416,480
abudhabi,416,512
abudhabi,416,544
abudhabi,416,576
abudhabi,416,608
abudhabi,416,640
abudhabi,416,672
abudhabi,416,704
abudhabi,416,736
abudhabi,448,0
abudhabi,448,32
abudhabi,448,64
abudhabi,448,96
abudhabi,448,128
abudhabi,448,160
abudhabi,448,192
abudhabi,448,224
abudhabi,448,256
abudhabi,448,288
abudhabi,448,320
abudhabi,448,352
abudhabi,448,384
abudhabi,448,416
abudhabi,448,448
abudhabi,448,480
abudhabi,448,512
abudhabi,448,544
abudhabi,448,576
abudhabi,448,608
abudhabi,448,640
abudhabi,448,672
abudhabi,448,704
abudhabi,448,736
abudhabi,480,0
abudhabi,480,32
abudhabi,480,64
abudhabi,480,96
abudhabi,480,128
abudhabi,480,160
abudhabi,480,192
abudhabi,480,224
abudhabi,480,256
abudhabi,480,288
abudhabi,480,320
abudhabi,480,352
abudhabi,480,384
abudhabi,480,416
abudhabi,480,448
abudhabi,480,480
abudhabi,480,512
abudhabi,480,544
abudhabi,480,576
abudhabi,480,608
abudhabi,480,640
abudhabi,480,672
abudhabi,480,704
abudhabi,480,736
abudhabi,512,0
abudhabi,512,32
abudhabi,512,64
abudhabi,512,96
abudhabi,512,128
abudhabi,512,160
abudhabi,512,192
abudhabi,512,224
abudhabi,512,256
abudhabi,512,288
abudhabi,512,320
abudhabi,512,352
abudhabi,512,384
abudhabi,512,416
abudhabi,512,448
abudhabi,512,480
abudhabi,512,512
abudhabi,512,544
abudhabi,512,576
abudhabi,512,608
abudhabi,512,640
abudhabi,512,672
abudhabi,512,704
abudhabi,512,736
abudhabi,544,0
abudhabi,544,32
abudhabi,544,64
abudhabi,544,96
abudhabi,544,128
abudhabi,544,160
abudhabi,544,192
abudhabi,544,224
abudhabi,544,256
abudhabi,544,288
abudhabi,544,320
abudhabi,544,352
abudhabi,544,384
abudhabi,544,416
abudhabi,544,448
abudhabi,544,480
abudhabi,544,512
abudhabi,544,544
abudhabi,544,576
abudhabi,544,608
abudhabi,544,640
abudhabi,544,672
abudhabi,544,704
abudhabi,544,736
abudhabi,576,0
abudhabi,576,32
abudhabi,576,64
abudhabi,576,96
abudhabi,576,128
abudhabi,576,160
abudhabi,576,192
abudhabi,576,224
abudhabi,576,256
abudhabi,576,288
abudhabi,576,320
abudhabi,576,352
abudhabi,576,384
abudhabi,576,416
abudhabi,576,448
abudhabi,576,480
abudhabi,576,512
abudhabi,576,544
abudhabi,576,576
abudhabi,576,608
abudhabi,576,640
abudhabi,576,672
abudhabi,576,704
abudhabi,576,736
abudhabi,608,0
abudhabi,608,32
abudhabi,608,64
abudhabi,608,96
abudhabi,608,128
abudhabi,608,160
abudhabi,608,192
abudhabi,608,224
abudhabi,608,256
abudhabi,608,288
abudhabi,608,320
abudhabi,608,352
abudhabi,608,384
abudhabi,608,416
abudhabi,608,448
abudhabi,608,480
abudhabi,608,512
abudhabi,608,544
abudhabi,608,576
abudhabi,608,608
abudhabi,608,640
abudhabi,608,672
abudhabi,608,704
abudhabi,608,736
abudhabi,640,0
abudhabi,640,32
abudhabi,640,64
abudhabi,640,96
abudhabi,640,128
abudhabi,640,160
abudhabi,640,192
abudhabi,640,224
abudhabi,640,256
abudhabi,640,288
abudhabi,640,320
abudhabi,640,352
abudhabi,640,384
abudhabi,640,416
abudhabi,640,448
abudhabi,640,480
abudhabi,640,512
abudhabi,640,544
abudhabi,640,576
abudhabi,640,608
abudhabi,640,640
abudhabi,640,672
abudhabi,640,704
abudhabi,640,736
abudhabi,672,0
abudhabi,672,32
abudhabi,672,64
abudhabi,672,96
abudhabi,672,128
abudhabi,672,160
abudhabi,672,192
abudhabi,672,224
abudhabi,672,256
abudhabi,672,288
abudhabi,672,320
abudhabi,672,352
abudhabi,672,384
abudhabi,672,416
abudhabi,672,448
abudhabi,672,480
abudhabi,672,512
abudhabi,672,544
abudhabi,672,576
abudhabi,672,608
abudhabi,672,640
abudhabi,672,672
abudhabi,672,704
abudhabi,672,736
abudhabi,704,0
abudhabi,704,32
abudhabi,704,64
abudhabi,704,96
abudhabi,704,128
abudhabi,704,160
abudhabi,704,192
abudhabi,704,224
abudhabi,704,256
abudhabi,704,288
abudhabi,704,320
abudhabi,704,352
abudhabi,704,384
abudhabi,704,416
abudhabi,704,448
abudhabi,704,480
abudhabi,704,512
abudhabi,704,544
abudhabi,704,576
abudhabi,704,608
abudhabi,704,640
abudhabi,704,672
abudhabi,704,704
abudhabi,704,736
abudhabi,736,0
abudhabi,736,32
abudhabi,736,64
abudhabi,736,96
abudhabi,736,128
abudhabi,736,160
abudhabi,736,192
abudhabi,736,224
abudhabi,736,256
abudhabi,736,288
abudhabi,736,320
abudhabi,736,352
abudhabi,736,384
abudhabi,736,416
abudhabi,736,448
abudhabi,736,480
abudhabi,736,512
abudhabi,736,544
abudhabi,736,576
abudhabi,736,608
abudhabi,736,640
abudhabi,736,672
abudhabi,736,704
abudhabi,736,736
nantes,0,0
nantes,0,32
nantes,0,64
nantes,0,96
nantes,0,128
nantes,0,160
nantes,0,192
nantes,0,224
nantes,0,256
nantes,0,288
nantes,0,320
nantes,0,352
nantes,0,384
nantes,0,416
nantes,0,448
nantes,0,480
nantes,0,512
nantes,0,544
nantes,32,0
nantes,32,32
nantes,32,64
nantes,32,96
nantes,32,128
nantes,32,160
nantes,32,192
nantes,32,224
nantes,32,256
nantes,32,288
nantes,32,320
nantes,32,352
nantes,32,384
nantes,32,416
nantes,32,448
nantes,32,480
nantes,32,512
nantes,32,544
nantes,64,0
nantes,64,32
nantes,64,64
nantes,64,96
nantes,64,128
nantes,64,160
nantes,64,192
nantes,64,224
nantes,64,256
nantes,64,288
nantes,64,320
nantes,64,352
nantes,64,384
nantes,64,416
nantes,64,448
nantes,64,480
nantes,64,512
nantes,64,544
nantes,96,0
nantes,96,32
nantes,96,64
nantes,96,96
nantes,96,128
nantes,96,160
nantes,96,192
nantes,96,224
nantes,96,256
nantes,96,288
nantes,96,320
nantes,96,352
nantes,96,384
nantes,96,416
nantes,96,448
nantes,96,480
nantes,96,512
nantes,96,544
nantes,128,0
nantes,128,32
nantes,128,64
nantes,128,96
nantes,128,128
nantes,128,160
nantes,128,192
nantes,128,224
nantes,128,256
nantes,128,288
nantes,128,320
nantes,128,352
nantes,128,384
nantes,128,416
nantes,128,448
nantes,128,480
nantes,128,512
nantes,128,544
nantes,160,0
nantes,160,32
nantes,160,64
nantes,160,96
nantes,160,128
nantes,160,160
nantes,160,192
nantes,160,224
nantes,160,256
nantes,160,288
nantes,160,320
nantes,160,352
nantes,160,384
nantes,160,416
nantes,160,448
nantes,160,480
nantes,160,512
nantes,160,544
nantes,192,0
nantes,192,32
nantes,192,64
nantes,192,96
nantes,192,128
nantes,192,160
nantes,192,192
nantes,192,224
nantes,192,256
nantes,192,288
nantes,192,320
nantes,192,352
nantes,192,384
nantes,192,416
nantes,192,448
nantes,192,480
nantes,192,512
nantes,192,544
nantes,224,0
nantes,224,32
nantes,224,64
nantes,224,96
nantes,224,128
nantes,224,160
nantes,224,192
nantes,224,224
nantes,224,256
nantes,224,288
nantes,224,320
nantes,224,352
nantes,224,384
nantes,224,416
nantes,224,448
nantes,224,480
nantes,224,512
nantes,224,544
nantes,256,0
nantes,256,32
nantes,256,64
nantes,256,96
nantes,256,128
nantes,256,160
nantes,256,192
nantes,256,224
nantes,256,256
nantes,256,288
nantes,256,320
nantes,256,352
nantes,256,384
nantes,256,416
nantes,256,448
nantes,256,480
nantes,256,512
nantes,256,544
nantes,288,0
nantes,288,32
nantes,288,64
nantes,288,96
nantes,288,128
nantes,288,160
nantes,288,192
nantes,288,224
nantes,288,256
nantes,288,288
nantes,288,320
nantes,288,352
nantes,288,384
nantes,288,416
nantes,288,448
nantes,288,480
nantes,288,512
nantes,288,544
nantes,320,0
nantes,320,32
nantes,320,64
nantes,320,96
nantes,320,128
nantes,320,160
nantes,320,192
nantes,320,224
nantes,320,256
nantes,320,288
nantes,320,320
nantes,320,352
nantes,320,384
nantes,320,416
nantes,320,448
nantes,320,480
nantes,320,512
nantes,320,544
nantes,352,0
nantes,352,32
nantes,352,64
nantes,352,96
nantes,352,128
nantes,352,160
nantes,352,192
nantes,352,224
nantes,352,256
nantes,352,288
nantes,352,320
nantes,352,352
nantes,352,384
nantes,352,416
nantes,352,448
nantes,352,480
nantes,352,512
nantes,352,544
nantes,384,0
nantes,384,32
nantes,384,64
nantes,384,96
nantes,384,128
nantes,384,160
nantes,384,192
nantes,384,224
nantes,384,256
nantes,384,288
nantes,384,320
nantes,384,352
nantes,384,384
nantes,384,416
nantes,384,448
nantes,384,480
nantes,384,512
nantes,384,544
nantes,416,0
nantes,416,32
nantes,416,64
nantes,416,96
nantes,416,128
nantes,416,160
nantes,416,192
nantes,416,224
nantes,416,256
nantes,416,288
nantes,416,320
nantes,416,352
nantes,416,384
nantes,416,416
nantes,416,448
nantes,416,480
nantes,416,512
nantes,416,544
nantes,448,0
nantes,448,32
nantes,448,64
nantes,448,96
nantes,448,128
nantes,448,160
nantes,448,192
nantes,448,224
nantes,448,256
nantes,448,288
nantes,448,320
nantes,448,352
nantes,448,384
nantes,448,416
nantes,448,448
nantes,448,480
nantes,448,512
nantes,448,544
nantes,480,0
nantes,480,32
nantes,480,64
nantes,480,96
nantes,480,128
nantes,480,160
nantes,480,192
nantes,480,224
nantes,480,256
nantes,480,288
nantes,480,320
nantes,480,352
nantes,480,384
nantes,480,416
nantes,480,448
nantes,480,480
nantes,480,512
nantes,480,544
rennes,0,0
rennes,0,32
rennes,0,64
rennes,0,96
rennes,0,128
rennes,0,160
rennes,0,192
rennes,0,224
rennes,0,256
rennes,0,288
rennes,0,320
rennes,0,352
rennes,0,384
rennes,0,416
rennes,0,448
rennes,0,480
rennes,0,512
rennes,32,0
rennes,32,32
rennes,32,64
rennes,32,96
rennes,32,128
rennes,32,160
rennes,32,192
rennes,32,224
rennes,32,256
rennes,32,288
rennes,32,320
rennes,32,352
rennes,32,384
rennes,32,416
rennes,32,448
rennes,32,480
rennes,32,512
rennes,64,0
rennes,64,32
rennes,64,64
rennes,64,96
rennes,64,128
rennes,64,160
rennes,64,192
rennes,64,224
rennes,64,256
rennes,64,288
rennes,64,320
rennes,64,352
rennes,64,384
rennes,64,416
rennes,64,448
rennes,64,480
rennes,64,512
rennes,96,0
rennes,96,32
rennes,96,64
rennes,96,96
rennes,96,128
rennes,96,160
rennes,96,192
rennes,96,224
rennes,96,256
rennes,96,288
rennes,96,320
rennes,96,352
rennes,96,384
rennes,96,416
rennes,96,448
rennes,96,480
rennes,96,512
rennes,128,0
rennes,128,32
rennes,128,64
rennes,128,96
rennes,128,128
rennes,128,160
rennes,128,192
rennes,128,224
rennes,128,256
rennes,128,288
rennes,128,320
rennes,128,352
rennes,128,384
rennes,128,416
rennes,128,448
rennes,128,480
rennes,128,512
rennes,160,0
rennes,160,32
rennes,160,64
rennes,160,96
rennes,160,128
rennes,160,160
rennes,160,192
rennes,160,224
rennes,160,256
rennes,160,288
rennes,160,320
rennes,160,352
rennes,160,384
rennes,160,416
rennes,160,448
rennes,160,480
rennes,160,512
rennes,192,0
rennes,192,32
rennes,192,64
rennes,192,96
rennes,192,128
rennes,192,160
rennes,192,192
rennes,192,224
rennes,192,256
rennes,192,288
rennes,192,320
rennes,192,352
rennes,192,384
rennes,192,416
rennes,192,448
rennes,192,480
rennes,192,512
rennes,224,0
rennes,224,32
rennes,224,64
rennes,224,96
rennes,224,128
rennes,224,160
rennes,224,192
rennes,224,224
rennes,224,256
rennes,224,288
rennes,224,320
rennes,224,352
rennes,224,384
rennes,224,416
rennes,224,448
rennes,224,480
rennes,224,512
rennes,256,0
rennes,256,32
rennes,256,64
rennes,256,96
rennes,256,128
rennes,256,160
rennes,256,192
rennes,256,224
rennes,256,256
rennes,256,288
rennes,256,320
rennes,256,352
rennes,256,384
rennes,256,416
rennes,256,448
rennes,256,480
rennes,256,512
rennes,288,0
rennes,288,32
rennes,288,64
rennes,288,96
rennes,288,128
rennes,288,160
rennes,288,192
rennes,288,224
rennes,288,256
rennes,288,288
rennes,288,320
rennes,288,352
rennes,288,384
rennes,288,416
rennes,288,448
rennes,288,480
rennes,288,512
bercy,0,0
bercy,0,32
bercy,0,64
bercy,0,96
bercy,0,128
bercy,0,160
bercy,0,192
bercy,0,224
bercy,0,256
bercy,0,288
bercy,0,320
bercy,32,0
bercy,32,32
bercy,32,64
bercy,32,96
bercy,32,128
bercy,32,160
bercy,32,192
bercy,32,224
bercy,32,256
bercy,32,288
bercy,32,320
bercy,64,0
bercy,64,32
bercy,64,64
bercy,64,96
bercy,64,128
bercy,64,160
bercy,64,192
bercy,64,224
bercy,64,256
bercy,64,288
bercy,64,320
bercy,96,0
bercy,96,32
bercy,96,64
bercy,96,96
bercy,96,128
bercy,96,160
bercy,96,192
bercy,96,224
bercy,96,256
bercy,96,288
bercy,96,320
bercy,128,0
bercy,128,32
bercy,128,64
bercy,128,96
bercy,128,128
bercy,128,160
bercy,128,192
bercy,128,224
bercy,128,256
bercy,128,288
bercy,128,320
bercy,160,0
bercy,160,32
bercy,160,64
bercy,160,96
bercy,160,128
bercy,160,160
bercy,160,192
bercy,160,224
bercy,160,256
bercy,160,288
bercy,160,320
bercy,192,0
bercy,192,32
bercy,192,64
bercy,192,96
bercy,192,128
bercy,192,160
bercy,192,192
bercy,192,224
bercy,192,256
bercy,192,288
bercy,192,320
bercy,224,0
bercy,224,32
bercy,224,64
bercy,224,96
bercy,224,128
bercy,224,160
bercy,224,192
bercy,224,224
bercy,224,256
bercy,224,288
bercy,224,320
bercy,256,0
bercy,256,32
bercy,256,64
bercy,256,96
bercy,256,128
bercy,256,160
bercy,256,192
bercy,256,224
bercy,256,256
bercy,256,288
bercy,256,320
bercy,288,0
bercy,288,32
bercy,288,64
bercy,288,96
bercy,288,128
bercy,288,160
bercy,288,192
bercy,288,224
bercy,288,256
bercy,288,288
bercy,288,320
bercy,320,0
bercy,320,32
bercy,320,64
bercy,320,96
bercy,320,128
bercy,320,160
bercy,320,192
bercy,320,224
bercy,320,256
bercy,320,288
bercy,320,320
bercy,352,0
bercy,352,32
bercy,352,64
bercy,352,96
bercy,352,128
bercy,352,160
bercy,352,192
bercy,352,224
bercy,352,256
bercy,352,288
bercy,352,320
bordeaux,0,0
bordeaux,0,32
bordeaux,0,64
bordeaux,0,96
bordeaux,0,128
bordeaux,0,160
bordeaux,0,192
bordeaux,0,224
bordeaux,0,256
bordeaux,0,288
bordeaux,0,320
bordeaux,0,352
bordeaux,0,384
bordeaux,0,416
bordeaux,32,0
bordeaux,32,32
bordeaux,32,64
bordeaux,32,96
bordeaux,32,128
bordeaux,32,160
bordeaux,32,192
bordeaux,32,224
bordeaux,32,256
bordeaux,32,288
bordeaux,32,320
bordeaux,32,352
bordeaux,32,384
bordeaux,32,416
bordeaux,64,0
bordeaux,64,32
bordeaux,64,64
bordeaux,64,96
bordeaux,64,128
bordeaux,64,160
bordeaux,64,192
bordeaux,64,224
bordeaux,64,256
bordeaux,64,288
bordeaux,64,320
bordeaux,64,352
bordeaux,64,384
bordeaux,64,416
bordeaux,96,0
bordeaux,96,32
bordeaux,96,64
bordeaux,96,96
bordeaux,96,128
bordeaux,96,160
bordeaux,96,192
bordeaux,96,224
bordeaux,96,256
bordeaux,96,288
bordeaux,96,320
bordeaux,96,352
bordeaux,96,384
bordeaux,96,416
bordeaux,128,0
bordeaux,128,32
bordeaux,128,64
bordeaux,128,96
bordeaux,128,128
bordeaux,128,160
bordeaux,128,192
bordeaux,128,224
bordeaux,128,256
bordeaux,128,288
bordeaux,128,320
bordeaux,128,352
bordeaux,128,384
bordeaux,128,416
bordeaux,160,0
bordeaux,160,32
bordeaux,160,64
bordeaux,160,96
bordeaux,160,128
bordeaux,160,160
bordeaux,160,192
bordeaux,160,224
bordeaux,160,256
bordeaux,160,288
bordeaux,160,320
bordeaux,160,352
bordeaux,160,384
bordeaux,160,416
bordeaux,192,0
bordeaux,192,32
bordeaux,192,64
bordeaux,192,96
bordeaux,192,128
bordeaux,192,160
bordeaux,192,192
bordeaux,192,224
bordeaux,192,256
bordeaux,192,288
bordeaux,192,320
bordeaux,192,352
bordeaux,192,384
bordeaux,192,416
bordeaux,224,0
bordeaux,224,32
bordeaux,224,64
bordeaux,224,96
bordeaux,224,128
bordeaux,224,160
bordeaux,224,192
bordeaux,224,224
bordeaux,224,256
bordeaux,224,288
bordeaux,224,320
bordeaux,224,352
bordeaux,224,384
bordeaux,224,416
bordeaux,256,0
bordeaux,256,32
bordeaux,256,64
bordeaux,256,96
bordeaux,256,128
bordeaux,256,160
bordeaux,256,192
bordeaux,256,224
bordeaux,256,256
bordeaux,256,288
bordeaux,256,320
bordeaux,256,352
bordeaux,256,384
bordeaux,256,416
bordeaux,288,0
bordeaux,288,32
bordeaux,288,64
bordeaux,288,96
bordeaux,288,128
bordeaux,288,160
bordeaux,288,192
bordeaux,288,224
bordeaux,288,256
bordeaux,288,288
bordeaux,288,320
bordeaux,288,352
bordeaux,288,384
bordeaux,288,416
bordeaux,320,0
bordeaux,320,32
bordeaux,320,64
bordeaux,320,96
bordeaux,320,128
bordeaux,320,160
bordeaux,320,192
bordeaux,320,224
bordeaux,320,256
bordeaux,320,288
bordeaux,320,320
bordeaux,320,352
bordeaux,320,384
bordeaux,320,416
bordeaux,352,0
bordeaux,352,32
bordeaux,352,64
bordeaux,352,96
bordeaux,352,128
bordeaux,352,160
bordeaux,352,192
bordeaux,352,224
bordeaux,352,256
bordeaux,352,288
bordeaux,352,320
bordeaux,352,352
bordeaux,352,384
bordeaux,352,416
bordeaux,384,0
bordeaux,384,32
bordeaux,384,64
bordeaux,384,96
bordeaux,384,128
bordeaux,384,160
bordeaux,384,192
bordeaux,384,224
bordeaux,384,256
bordeaux,384,288
bordeaux,384,320
bordeaux,384,352
bordeaux,384,384
bordeaux,384,416
bordeaux,416,0
bordeaux,416,32
bordeaux,416,64
bordeaux,416,96
bordeaux,416,128
bordeaux,416,160
bordeaux,416,192
bordeaux,416,224
bordeaux,416,256
bordeaux,416,288
bordeaux,416,320
bordeaux,416,352
bordeaux,416,384
bordeaux,416,416
bordeaux,448,0
bordeaux,448,32
bordeaux,448,64
bordeaux,448,96
bordeaux,448,128
bordeaux,448,160
bordeaux,448,192
bordeaux,448,224
bordeaux,448,256
bordeaux,448,288
bordeaux,448,320
bordeaux,448,352
bordeaux,448,384
bordeaux,448,416
bordeaux,480,0
bordeaux,480,32
bordeaux,480,64
bordeaux,480,96
bordeaux,480,128
bordeaux,480,160
bordeaux,480,192
bordeaux,480,224
bordeaux,480,256
bordeaux,480,288
bordeaux,480,320
bordeaux,480,352
bordeaux,480,384
bordeaux,480,416
hongkong,0,0
hongkong,0,32
hongkong,0,64
hongkong,0,96
hongkong,0,128
hongkong,0,160
hongkong,0,192
hongkong,0,224
hongkong,0,256
hongkong,0,288
hongkong,0,320
hongkong,0,352
hongkong,0,384
hongkong,0,416
hongkong,0,448
hongkong,0,480
hongkong,32,0
hongkong,32,32
hongkong,32,64
hongkong,32,96
hongkong,32,128
hongkong,32,160
hongkong,32,192
hongkong,32,224
hongkong,32,256
hongkong,32,288
hongkong,32,320
hongkong,32,352
hongkong,32,384
hongkong,32,416
hongkong,32,448
hongkong,32,480
hongkong,64,0
hongkong,64,32
hongkong,64,64
hongkong,64,96
hongkong,64,128
hongkong,64,160
hongkong,64,192
hongkong,64,224
hongkong,64,256
hongkong,64,288
hongkong,64,320
hongkong,64,352
hongkong,64,384
hongkong,64,416
hongkong,64,448
hongkong,64,480
hongkong,96,0
hongkong,96,32
hongkong,96,64
hongkong,96,96
hongkong,96,128
hongkong,96,160
hongkong,96,192
hongkong,96,224
hongkong,96,256
hongkong,96,288
hongkong,96,320
hongkong,96,352
hongkong,96,384
hongkong,96,416
hongkong,96,448
hongkong,96,480
hongkong,128,0
hongkong,128,32
hongkong,128,64
hongkong,128,96
hongkong,128,128
hongkong,128,160
hongkong,128,192
hongkong,128,224
hongkong,128,256
hongkong,128,288
hongkong,128,320
hongkong,128,352
hongkong,128,384
hongkong,128,416
hongkong,128,448
hongkong,128,480
hongkong,160,0
hongkong,160,32
hongkong,160,64
hongkong,160,96
hongkong,160,128
hongkong,160,160
hongkong,160,192
hongkong,160,224
hongkong,160,256
hongkong,160,288
hongkong,160,320
hongkong,160,352
hongkong,160,384
hongkong,160,416
hongkong,160,448
hongkong,160,480
hongkong,192,0
hongkong,192,32
hongkong,192,64
hongkong,192,96
hongkong,192,128
hongkong,192,160
hongkong,192,192
hongkong,192,224
hongkong,192,256
hongkong,192,288
hongkong,192,320
hongkong,192,352
hongkong,192,384
hongkong,192,416
hongkong,192,448
hongkong,192,480
hongkong,224,0
hongkong,224,32
hongkong,224,64
hongkong,224,96
hongkong,224,128
hongkong,224,160
hongkong,224,192
hongkong,224,224
hongkong,224,256
hongkong,224,288
hongkong,224,320
hongkong,224,352
hongkong,224,384
hongkong,224,416
hongkong,224,448
hongkong,224,480
hongkong,256,0
hongkong,256,32
hongkong,256,64
hongkong,256,96
hongkong,256,128
hongkong,256,160
hongkong,256,192
hongkong,256,224
hongkong,256,256
hongkong,256,288
hongkong,256,320
hongkong,256,352
hongkong,256,384
hongkong,256,416
hongkong,256,448
hongkong,256,480
hongkong,288,0
hongkong,288,32
hongkong,288,64
hongkong,288,96
hongkong,288,128
hongkong,288,160
hongkong,288,192
hongkong,288,224
hongkong,288,256
hongkong,288,288
hongkong,288,320
hongkong,288,352
hongkong,288,384
hongkong,288,416
hongkong,288,448
hongkong,288,480
hongkong,320,0
hongkong,320,32
hongkong,320,64
hongkong,320,96
hongkong,320,128
hongkong,320,160
hongkong,320,192
hongkong,320,224
hongkong,320,256
hongkong,320,288
hongkong,320,320
hongkong,320,352
hongkong,320,384
hongkong,320,416
hongkong,320,448
hongkong,320,480
hongkong,352,0
hongkong,352,32
hongkong,352,64
hongkong,352,96
hongkong,352,128
hongkong,352,160
hongkong,352,192
hongkong,352,224
hongkong,352,256
hongkong,352,288
hongkong,352,320
hongkong,352,352
hongkong,352,384
hongkong,352,416
hongkong,352,448
hongkong,352,480
hongkong,384,0
hongkong,384,32
hongkong,384,64
hongkong,384,96
hongkong,384,128
hongkong,384,160
hongkong,384,192
hongkong,384,224
hongkong,384,256
hongkong,384,288
hongkong,384,320
hongkong,384,352
hongkong,384,384
hongkong,384,416
hongkong,384,448
hongkong,384,480
hongkong,416,0
hongkong,416,32
hongkong,416,64
hongkong,416,96
hongkong,416,128
hongkong,416,160
hongkong,416,192
hongkong,416,224
hongkong,416,256
hongkong,416,288
hongkong,416,320
hongkong,416,352
hongkong,416,384
hongkong,416,416
hongkong,416,448
hongkong,416,480
hongkong,448,0
hongkong,448,32
hongkong,448,64
hongkong,448,96
hongkong,448,128
hongkong,448,160
hongkong,448,192
hongkong,448,224
hongkong,448,256
hongkong,448,288
hongkong,448,320
hongkong,448,352
hongkong,448,384
hongkong,448,416
hongkong,448,448
hongkong,448,480
hongkong,480,0
hongkong,480,32
hongkong,480,64
hongkong,480,96
hongkong,480,128
hongkong,480,160
hongkong,480,192
hongkong,480,224
hongkong,480,256
hongkong,480,288
hongkong,480,320
hongkong,480,352
hongkong,480,384
hongkong,480,416
hongkong,480,448
hongkong,480,480
hongkong,512,0
hongkong,512,32
hongkong,512,64
hongkong,512,96
hongkong,512,128
hongkong,512,160
hongkong,512,192
hongkong,512,224
hongkong,512,256
hongkong,512,288
hongkong,512,320
hongkong,512,352
hongkong,512,384
hongkong,512,416
hongkong,512,448
hongkong,512,480
hongkong,544,0
hongkong,544,32
hongkong,544,64
hongkong,544,96
hongkong,544,128
hongkong,544,160
hongkong,544,192
hongkong,544,224
hongkong,544,256
hongkong,544,288
hongkong,544,320
hongkong,544,352
hongkong,544,384
hongkong,544,416
hongkong,544,448
hongkong,544,480
hongkong,576,0
hongkong,576,32
hongkong,576,64
hongkong,576,96
hongkong,576,128
hongkong,576,160
hongkong,576,192
hongkong,576,224
hongkong,576,256
hongkong,576,288
hongkong,576,320
hongkong,576,352
hongkong,576,384
hongkong,576,416
hongkong,576,448
hongkong,576,480
hongkong,608,0
hongkong,608,32
hongkong,608,64
hongkong,608,96
hongkong,608,128
hongkong,608,160
hongkong,608,192
hongkong,608,224
hongkong,608,256
hongkong,608,288
hongkong,608,320
hongkong,608,352
hongkong,608,384
hongkong,608,416
hongkong,608,448
hongkong,608,480
hongkong,640,0
hongkong,640,32
hongkong,640,64
hongkong,640,96
hongkong,640,128
hongkong,640,160
hongkong,640,192
hongkong,640,224
hongkong,640,256
hongkong,640,288
hongkong,640,320
hongkong,640,352
hongkong,640,384
hongkong,640,416
hongkong,640,448
hongkong,640,480
pisa,0,0
pisa,0,32
pisa,0,64
pisa,0,96
pisa,0,128
pisa,0,160
pisa,0,192
pisa,0,224
pisa,0,256
pisa,0,288
pisa,0,320
pisa,0,352
pisa,0,384
pisa,0,416
pisa,0,448
pisa,0,480
pisa,0,512
pisa,0,544
pisa,0,576
pisa,0,608
pisa,0,640
pisa,0,672
pisa,32,0
pisa,32,32
pisa,32,64
pisa,32,96
pisa,32,128
pisa,32,160
pisa,32,192
pisa,32,224
pisa,32,256
pisa,32,288
pisa,32,320
pisa,32,352
pisa,32,384
pisa,32,416
pisa,32,448
pisa,32,480
pisa,32,512
pisa,32,544
pisa,32,576
pisa,32,608
pisa,32,640
pisa,32,672
pisa,64,0
pisa,64,32
pisa,64,64
pisa,64,96
pisa,64,128
pisa,64,160
pisa,64,192
pisa,64,224
pisa,64,256
pisa,64,288
pisa,64,320
pisa,64,352
pisa,64,384
pisa,64,416
pisa,64,448
pisa,64,480
pisa,64,512
pisa,64,544
pisa,64,576
pisa,64,608
pisa,64,640
pisa,64,672
pisa,96,0
pisa,96,32
pisa,96,64
pisa,96,96
pisa,96,128
pisa,96,160
pisa,96,192
pisa,96,224
pisa,96,256
pisa,96,288
pisa,96,320
pisa,96,352
pisa,96,384
pisa,96,416
pisa,96,448
pisa,96,480
pisa,96,512
pisa,96,544
pisa,96,576
pisa,96,608
pisa,96,640
pisa,96,672
pisa,128,0
pisa,128,32
pisa,128,64
pisa,128,96
pisa,128,128
pisa,128,160
pisa,128,192
pisa,128,224
pisa,128,256
pisa,128,288
pisa,128,320
pisa,128,352
pisa,128,384
pisa,128,416
pisa,128,448
pisa,128,480
pisa,128,512
pisa,128,544
pisa,128,576
pisa,128,608
pisa,128,640
pisa,128,672
pisa,160,0
pisa,160,32
pisa,160,64
pisa,160,96
pisa,160,128
pisa,160,160
pisa,160,192
pisa,160,224
pisa,160,256
pisa,160,288
pisa,160,320
pisa,160,352
pisa,160,384
pisa,160,416
pisa,160,448
pisa,160,480
pisa,160,512
pisa,160,544
pisa,160,576
pisa,160,608
pisa,160,640
pisa,160,672
pisa,192,0
pisa,192,32
pisa,192,64
pisa,192,96
pisa,192,128
pisa,192,160
pisa,192,192
pisa,192,224
pisa,192,256
pisa,192,288
pisa,192,320
pisa,192,352
pisa,192,384
pisa,192,416
pisa,192,448
pisa,192,480
pisa,192,512
pisa,192,544
pisa,192,576
pisa,192,608
pisa,192,640
pisa,192,672
pisa,224,0
pisa,224,32
pisa,224,64
pisa,224,96
pisa,224,128
pisa,224,160
pisa,224,192
pisa,224,224
pisa,224,256
pisa,224,288
pisa,224,320
pisa,224,352
pisa,224,384
pisa,224,416
pisa,224,448
pisa,224,480
pisa,224,512
pisa,224,544
pisa,224,576
pisa,224,608
pisa,224,640
pisa,224,672
pisa,256,0
pisa,256,32
pisa,256,64
pisa,256,96
pisa,256,128
pisa,256,160
pisa,256,192
pisa,256,224
pisa,256,256
pisa,256,288
pisa,256,320
pisa,256,352
pisa,256,384
pisa,256,416
pisa,256,448
pisa,256,480
pisa,256,512
pisa,256,544
pisa,256,576
pisa,256,608
pisa,256,640
pisa,256,672
pisa,288,0
pisa,288,32
pisa,288,64
pisa,288,96
pisa,288,128
pisa,288,160
pisa,288,192
pisa,288,224
pisa,288,256
pisa,288,288
pisa,288,320
pisa,288,352
pisa,288,384
pisa,288,416
pisa,288,448
pisa,288,480
pisa,288,512
pisa,288,544
pisa,288,576
pisa,288,608
pisa,288,640
pisa,288,672
pisa,320,0
pisa,320,32
pisa,320,64
pisa,320,96
pisa,320,128
pisa,320,160
pisa,320,192
pisa,320,224
pisa,320,256
pisa,320,288
pisa,320,320
pisa,320,352
pisa,320,384
pisa,320,416
pisa,320,448
pisa,320,480
pisa,320,512
pisa,320,544
pisa,320,576
pisa,320,608
pisa,320,640
pisa,320,672
pisa,352,0
pisa,352,32
pisa,352,64
pisa,352,96
pisa,352,128
pisa,352,160
pisa,352,192
pisa,352,224
pisa,352,256
pisa,352,288
pisa,352,320
pisa,352,352
pisa,352,384
pisa,352,416
pisa,352,448
pisa,352,480
pisa,352,512
pisa,352,544
pisa,352,576
pisa,352,608
pisa,352,640
pisa,352,672
pisa,384,0
pisa,384,32
pisa,384,64
pisa,384,96
pisa,384,128
pisa,384,160
pisa,384,192
pisa,384,224
pisa,384,256
pisa,384,288
pisa,384,320
pisa,384,352
pisa,384,384
pisa,384,416
pisa,384,448
pisa,384,480
pisa,384,512
pisa,384,544
pisa,384,576
pisa,384,608
pisa,384,640
pisa,384,672
pisa,416,0
pisa,416,32
pisa,416,64
pisa,416,96
pisa,416,128
pisa,416,160
pisa,416,192
pisa,416,224
pisa,416,256
pisa,416,288
pisa,416,320
pisa,416,352
pisa,416,384
pisa,416,416
pisa,416,448
pisa,416,480
pisa,416,512
pisa,416,544
pisa,416,576
pisa,416,608
pisa,416,640
pisa,416,672
pisa,448,0
pisa,448,32
pisa,448,64
pisa,448,96
pisa,448,128
pisa,448,160
pisa,448,192
pisa,448,224
pisa,448,256
pisa,448,288
pisa,448,320
pisa,448,352
pisa,448,384
pisa,448,416
pisa,448,448
pisa,448,480
pisa,448,512
pisa,448,544
pisa,448,576
pisa,448,608
pisa,448,640
pisa,448,672
pisa,480,0
pisa,480,32
pisa,480,64
pisa,480,96
pisa,480,128
pisa,480,160
pisa,480,192
pisa,480,224
pisa,480,256
pisa,480,288
pisa,480,320
pisa,480,352
pisa,480,384
pisa,480,416
pisa,480,448
pisa,480,480
pisa,480,512
pisa,480,544
pisa,480,576
pisa,480,608
pisa,480,640
pisa,480,672
pisa,512,0
pisa,512,32
pisa,512,64
pisa,512,96
pisa,512,128
pisa,512,160
pisa,512,192
pisa,512,224
pisa,512,256
pisa,512,288
pisa,512,320
pisa,512,352
pisa,512,384
pisa,512,416
pisa,512,448
pisa,512,480
pisa,512,512
pisa,512,544
pisa,512,576
pisa,512,608
pisa,512,640
pisa,512,672
pisa,544,0
pisa,544,32
pisa,544,64
pisa,544,96
pisa,544,128
pisa,544,160
pisa,544,192
pisa,544,224
pisa,544,256
pisa,544,288
pisa,544,320
pisa,544,352
pisa,544,384
pisa,544,416
pisa,544,448
pisa,544,480
pisa,544,512
pisa,544,544
pisa,544,576
pisa,544,608
pisa,544,640
pisa,544,672
pisa,576,0
pisa,576,32
pisa,576,64
pisa,576,96
pisa,576,128
pisa,576,160
pisa,576,192
pisa,576,224
pisa,576,256
pisa,576,288
pisa,576,320
pisa,576,352
pisa,576,384
pisa,576,416
pisa,576,448
pisa,576,480
pisa,576,512
pisa,576,544
pisa,576,576
pisa,576,608
pisa,576,640
pisa,576,672
pisa,608,0
pisa,608,32
pisa,608,64
pisa,608,96
pisa,608,128
pisa,608,160
pisa,608,192
pisa,608,224
pisa,608,256
pisa,608,288
pisa,608,320
pisa,608,352
pisa,608,384
pisa,608,416
pisa,608,448
pisa,608,480
pisa,608,512
pisa,608,544
pisa,608,576
pisa,608,608
pisa,608,640
pisa,608,672
pisa,640,0
pisa,640,32
pisa,640,64
pisa,640,96
pisa,640,128
pisa,640,160
pisa,640,192
pisa,640,224
pisa,640,256
pisa,640,288
pisa,640,320
pisa,640,352
pisa,640,384
pisa,640,416
pisa,640,448
pisa,640,480
pisa,640,512
pisa,640,544
pisa,640,576
pisa,640,608
pisa,640,640
pisa,640,672
pisa,672,0
pisa,672,32
pisa,672,64
pisa,672,96
pisa,672,128
pisa,672,160
pisa,672,192
pisa,672,224
pisa,672,256
pisa,672,288
pisa,672,320
pisa,672,352
pisa,672,384
pisa,672,416
pisa,672,448
pisa,672,480
pisa,672,512
pisa,672,544
pisa,672,576
pisa,672,608
pisa,672,640
pisa,672,672
pisa,704,0
pisa,704,32
pisa,704,64
pisa,704,96
pisa,704,128
pisa,704,160
pisa,704,192
pisa,704,224
pisa,704,256
pisa,704,288
pisa,704,320
pisa,704,352
pisa,704,384
pisa,704,416
pisa,704,448
pisa,704,480
pisa,704,512
pisa,704,544
pisa,704,576
pisa,704,608
pisa,704,640
pisa,704,672
pisa,736,0
pisa,736,32
pisa,736,64
pisa,736,96
pisa,736,128
pisa,736,160
pisa,736,192
pisa,736,224
pisa,736,256
pisa,736,288
pisa,736,320
pisa,736,352
pisa,736,384
pisa,736,416
pisa,736,448
pisa,736,480
pisa,736,512
pisa,736,544
pisa,736,576
pisa,736,608
pisa,736,640
pisa,736,672
